g1,3DMAX
g2,3DMAX (Normal)
g3,3DMAX (Holo)
g4,3DMAX (Foil)
g5,compLexity Gaming
g6,compLexity Gaming (Normal)
g7,compLexity Gaming (Holo)
g8,compLexity Gaming (Foil)
g9,Team Dignitas
g10,Team Dignitas (Normal)
g11,Team Dignitas (Holo)
g12,Team Dignitas (Foil)
g13,Fnatic
g14,Fnatic (Normal)
g15,Fnatic (Holo)
g16,Fnatic (Foil)
g17,HellRaisers
g18,HellRaisers (Normal)
g19,HellRaisers (Holo)
g20,HellRaisers (Foil)
g21,iBUYPOWER
g22,iBUYPOWER (Normal)
g23,iBUYPOWER (Holo)
g24,Team LDLC.com
g25,Team LDLC.com (Normal)
g26,Team LDLC.com (Holo)
g27,LGB eSports
g28,LGB eSports (Normal)
g29,LGB eSports (Holo)
g30,LGB eSports (Foil)
g31,mousesports
g32,mousesports (Normal)
g33,mousesports (Holo)
g34,mousesports (Foil)
g35,Clan-Mystik
g36,Clan-Mystik (Normal)
g37,Clan-Mystik (Holo)
g38,Natus Vincere
g39,Natus Vincere (Normal)
g40,Natus Vincere (Holo)
g41,Natus Vincere (Foil)
g42,Ninjas in Pyjamas
g43,Ninjas in Pyjamas (Normal)
g44,Ninjas in Pyjamas (Holo)
g45,Ninjas in Pyjamas (Foil)
g46,Reason Gaming
g47,Reason Gaming (Normal)
g48,Reason Gaming (Holo)
g49,Titan
g50,Titan (Normal)
g51,Titan (Holo)
g52,Titan (Foil)
g53,Virtus.Pro
g54,Virtus.Pro (Normal)
g55,Virtus.Pro (Holo)
g56,Virtus.Pro (Foil)
g57,Vox Eminor
g58,Vox Eminor (Normal)
g59,Vox Eminor (Holo)
g60,Vox Eminor (Foil)
g61,ESL Wolf
g62,ESL Wolf (Foil)
g63,ESL Skull
g64,ESL Skull (Foil)
g65,Cloud9
g66,Cloud9 (Normal)
g67,Cloud9 (Holo)
g68,Cloud9 (Foil)
g69,Copenhagen Wolves
g70,Copenhagen Wolves (Normal)
g71,Copenhagen Wolves (Holo)
g72,dAT team
g73,dAT team (Normal)
g74,dAT team (Holo)
g75,Epsilon eSports
g76,Epsilon eSports (Normal)
g77,Epsilon eSports (Holo)
g78,London Conspiracy
g79,London Conspiracy (Normal)
g80,London Conspiracy (Holo)
g81,MTS GameGod Wolf
g82,MTS GameGod Wolf (Normal)
g83,MTS GameGod Wolf (Holo)
g84,Cloud9 (Gold)
g85,Fnatic (Gold)
g86,Ninjas in Pyjamas (Gold)
g87,Natus Vincere (Gold)
g88,Virtus.Pro (Gold)
g89,ESC Gaming
g90,ESC Gaming (Normal)
g91,myXMG
g92,myXMG (Normal)
g93,PENTA Sports
g94,PENTA Sports (Normal)
g95,Bravado Gaming
g96,Bravado Gaming (Normal)
g97,Planetkey Dynamics
g98,Planetkey Dynamics (Normal)
g99,3DMAX (Gold)
g100,Flipsid3 Tactics
g101,Flipsid3 Tactics (Normal)
g102,Cloud9 G2A
g103,Cloud9 G2A (Normal)
g104,Cloud9 G2A (Foil)
g105,Cloud9 G2A (Holo)
g106,Counter Logic Gaming
g107,Counter Logic Gaming (Normal)
g108,Counter Logic Gaming (Foil)
g109,Counter Logic Gaming (Holo)
g110,ESL One
g111,ESL One (Normal)
g112,ESL One (Foil)
g113,Flipsid3 Tactics (Foil)
g114,Flipsid3 Tactics (Holo)
g115,Keyd Stars
g116,Keyd Stars (Normal)
g117,Keyd Stars (Foil)
g118,Keyd Stars (Holo)
g119,Ninjas in Pyjamas 
g120,Ninjas in Pyjamas  (Normal)
g121,PENTA Sports 
g122,PENTA Sports  (Normal)
g123,PENTA Sports (Foil)
g124,PENTA Sports (Holo)
g125,Team EnVyUs
g126,Team EnVyUs (Normal)
g127,Team EnVyUs (Foil)
g128,Team EnVyUs (Holo)
g129,TSM Kinguin
g130,TSM Kinguin (Normal)
g131,TSM Kinguin (Foil)
g132,TSM Kinguin (Holo)
g133,Virtus.pro
g134,Virtus.pro (Normal)
g135,Virtus.pro (Foil)
g136,Virtus.pro (Holo)
g137,Virtus.pro (Gold)
g138,Vox Eminor 
g139,Vox Eminor  (Normal)
g140,Renegades
g141,Renegades (Normal)
g142,Renegades (Foil)
g143,Renegades (Gold)
g144,Team Kinguin
g145,Team Kinguin (Normal)
g146,Team Kinguin (Foil)
g147,Team eBettle
g148,Team eBettle (Normal)
g149,Team eBettle (Foil)
g150,Luminosity Gaming
g151,Luminosity Gaming (Normal)
g152,Luminosity Gaming (Foil)
g153,Team SoloMid
g154,Team SoloMid (Normal)
g155,Team SoloMid (Foil)
g156,Team Immunity
g157,Team Immunity (Normal)
g158,Team Immunity (Foil)
g159,ESL
g160,ESL (Normal)
g161,ESL (Foil)
g162,Vexed Gaming
g163,Vexed Gaming (Normal)
g164,Vexed Gaming (Foil)
g165,Team Liquid
g166,Team Liquid (Normal)
g167,Team Liquid (Foil)
g168,Team Liquid (Gold)
g169,G2 Esports
g170,G2 Esports (Normal)
g171,G2 Esports (Foil)
g172,G2 Esports (Gold)
g173,DreamHack
g174,DreamHack (Normal)
g175,DreamHack (Foil)
g176,MLG
g177,MLG (Normal)
g178,MLG (Holo)
g179,MLG (Foil)
g180,Splyce
g181,Splyce (Normal)
g182,Splyce (Holo)
g183,Splyce (Foil)
g184,Gambit Gaming
g185,Gambit Gaming (Normal)
g186,Gambit Gaming (Holo)
g187,Gambit Gaming (Foil)
g188,Gambit Gaming (Gold)
g189,Team Liquid (Holo)
g190,G2 Esports (Holo)
g191,FaZe Clan
g192,FaZe Clan (Normal)
g193,FaZe Clan (Holo)
g194,FaZe Clan (Foil)
g195,FaZe Clan (Gold)
g196,Astralis
g197,Astralis (Normal)
g198,Astralis (Holo)
g199,Astralis (Foil)
g200,Astralis (Gold)
g201,Luminosity Gaming (Holo)
g202,ESL (Holo)
g203,OpTic Gaming
g204,OpTic Gaming (Normal)
g205,OpTic Gaming (Holo)
g206,OpTic Gaming (Foil)
g207,SK Gaming
g208,SK Gaming (Normal)
g209,SK Gaming (Holo)
g210,SK Gaming (Foil)
g211,GODSENT
g212,GODSENT (Normal)
g213,GODSENT (Holo)
g214,GODSENT (Foil)
g215,GODSENT (Gold)
g216,North
g217,North (Normal)
g218,North (Holo)
g219,North (Foil)
g220,North (Gold)
g221,ELEAGUE
g222,ELEAGUE (Normal)
g223,ELEAGUE (Holo)
g224,ELEAGUE (Foil)
g225,Gambit
g226,Gambit (Normal)
g227,Gambit (Holo)
g228,Gambit (Foil)
g229,BIG
g230,BIG (Normal)
g231,BIG (Holo)
g232,BIG (Foil)
g233,BIG (Gold)
g234,Immortals
g235,Immortals (Normal)
g236,Immortals (Holo)
g237,Immortals (Foil)
g238,Vega Squadron
g239,Vega Squadron (Normal)
g240,Vega Squadron (Holo)
g241,Vega Squadron (Foil)
g242,PGL
g243,PGL (Normal)
g244,PGL (Holo)
g245,PGL (Foil)
g246,PGL (Gold)
g247,Gambit Esports
g248,Gambit Esports (Normal)
g249,Gambit Esports (Holo)
g250,Gambit Esports (Foil)
g251,100 Thieves
g252,100 Thieves (Normal)
g253,100 Thieves (Holo)
g254,100 Thieves (Foil)
g255,100 Thieves (Gold)
g256,Sprout Esports
g257,Sprout Esports (Normal)
g258,Sprout Esports (Holo)
g259,Sprout Esports (Foil)
g260,Sprout Esports (Gold)
g261,Space Soldiers
g262,Space Soldiers (Normal)
g263,Space Soldiers (Holo)
g264,Space Soldiers (Foil)
g265,Avangar
g266,Avangar (Normal)
g267,Avangar (Holo)
g268,Avangar (Foil)
g269,Renegades (Holo)
g270,Misfits Gaming
g271,Misfits Gaming (Normal)
g272,Misfits Gaming (Holo)
g273,Misfits Gaming (Foil)
g274,Quantum Bellator Fire
g275,Quantum Bellator Fire (Normal)
g276,Quantum Bellator Fire (Holo)
g277,Quantum Bellator Fire (Foil)
g278,Tyloo
g279,Tyloo (Normal)
g280,Tyloo (Holo)
g281,Tyloo (Foil)
g282,Tyloo (Gold)
g283,Flash Gaming
g284,Flash Gaming (Normal)
g285,Flash Gaming (Holo)
g286,Flash Gaming (Foil)
g287,MIBR
g288,MIBR (Normal)
g289,MIBR (Holo)
g290,MIBR (Foil)
g291,MIBR (Gold)
g292,Winstrike Team
g293,Winstrike Team (Normal)
g294,Winstrike Team (Holo)
g295,Winstrike Team (Foil)
g296,Rogue
g297,Rogue (Normal)
g298,Rogue (Holo)
g299,Rogue (Foil)
g300,Team Spirit
g301,Team Spirit (Normal)
g302,Team Spirit (Holo)
g303,Team Spirit (Foil)
g304,Team Spirit (Gold)
g305,FACEIT
g306,FACEIT (Normal)
g307,FACEIT (Holo)
g308,FACEIT (Foil)
g309,ENCE
g310,ENCE (Normal)
g311,ENCE (Holo)
g312,ENCE (Foil)
g313,ENCE (Gold)
g314,FURIA
g315,FURIA (Normal)
g316,FURIA (Holo)
g317,FURIA (Foil)
g318,FURIA (Gold)
g319,Grayhound Gaming
g320,Grayhound Gaming (Normal)
g321,Grayhound Gaming (Holo)
g322,Grayhound Gaming (Foil)
g323,Grayhound Gaming (Gold)
g324,NRG
g325,NRG (Normal)
g326,NRG (Holo)
g327,NRG (Foil)
g328,ViCi Gaming
g329,ViCi Gaming (Normal)
g330,ViCi Gaming (Holo)
g331,ViCi Gaming (Foil)
g332,Vitality
g333,Vitality (Normal)
g334,Vitality (Holo)
g335,Vitality (Foil)
g336,Vitality (Gold)
g337,IEM
g338,IEM (Normal)
g339,IEM (Holo)
g340,IEM (Foil)
g341,IEM (Gold)
g342,forZe eSports
g343,forZe eSports (Normal)
g344,forZe eSports (Holo)
g345,forZe eSports (Foil)
g346,forZe eSports (Gold)
g347,CR4ZY
g348,CR4ZY (Normal)
g349,CR4ZY (Holo)
g350,CR4ZY (Foil)
g351,Syman Gaming
g352,Syman Gaming (Normal)
g353,Syman Gaming (Holo)
g354,Syman Gaming (Foil)
g355,DreamEaters
g356,DreamEaters (Normal)
g357,DreamEaters (Holo)
g358,DreamEaters (Foil)
g359,INTZ E-SPORTS CLUB
g360,INTZ E-SPORTS CLUB (Normal)
g361,INTZ E-SPORTS CLUB (Holo)
g362,INTZ E-SPORTS CLUB (Foil)
g363,StarLadder
g364,StarLadder (Normal)
g365,StarLadder (Holo)
g366,StarLadder (Foil)
g367,Heroic
g368,Heroic (Normal)
g369,Heroic (Holo)
g370,Heroic (Foil)
g371,Heroic (Gold)
g372,G2
g373,G2 (Normal)
g374,G2 (Holo)
g375,G2 (Foil)
g376,G2 (Gold)
g377,OG
g378,OG (Normal)
g379,OG (Holo)
g380,OG (Foil)
g381,OG (Gold)
g382,FaZe
g383,FaZe (Normal)
g384,FaZe (Holo)
g385,FaZe (Foil)
g386,FaZe (Gold)
g387,Spirit
g388,Spirit (Normal)
g389,Spirit (Holo)
g390,Spirit (Foil)
g391,Spirit (Gold)
g392,Nemiga
g393,Nemiga (Normal)
g394,Nemiga (Holo)
g395,Nemiga (Foil)
g396,Nemiga (Gold)
g397,ESPADA
g398,ESPADA (Normal)
g399,ESPADA (Holo)
g400,ESPADA (Foil)
g401,ESPADA (Gold)
g402,Evil Geniuses
g403,Evil Geniuses (Normal)
g404,Evil Geniuses (Holo)
g405,Evil Geniuses (Foil)
g406,Evil Geniuses (Gold)
g407,Liquid
g408,Liquid (Normal)
g409,Liquid (Holo)
g410,Liquid (Foil)
g411,Liquid (Gold)
g412,Gen.G
g413,Gen.G (Normal)
g414,Gen.G (Holo)
g415,Gen.G (Foil)
g416,Gen.G (Gold)
g417,Boom
g418,Boom (Normal)
g419,Boom (Holo)
g420,Boom (Foil)
g421,Boom (Gold)
g422,TYLOO
g423,TYLOO (Normal)
g424,TYLOO (Holo)
g425,TYLOO (Foil)
g426,TYLOO (Gold)
g427,paiN Gaming
g428,paiN Gaming (Normal)
g429,paiN Gaming (Holo)
g430,paiN Gaming (Foil)
g431,paiN Gaming (Gold)
g432,Movistar Riders
g433,Movistar Riders (Normal)
g434,Movistar Riders (Holo)
g435,Movistar Riders (Foil)
g436,Movistar Riders (Gold)
g437,MOUZ
g438,MOUZ (Normal)
g439,MOUZ (Holo)
g440,MOUZ (Foil)
g441,MOUZ (Gold)
g442,Sharks Esports
g443,Sharks Esports (Normal)
g444,Sharks Esports (Holo)
g445,Sharks Esports (Foil)
g446,Sharks Esports (Gold)
g447,Entropiq
g448,Entropiq (Normal)
g449,Entropiq (Holo)
g450,Entropiq (Foil)
g451,Entropiq (Gold)
g452,Copenhagen Flames
g453,Copenhagen Flames (Normal)
g454,Copenhagen Flames (Holo)
g455,Copenhagen Flames (Foil)
g456,Copenhagen Flames (Gold)
g457,Heroic (Glitter)
g458,Copenhagen Flames (Glitter)
g459,BIG (Glitter)
g460,Cloud9 (Glitter)
g461,FURIA (Glitter)
g462,FaZe Clan (Glitter)
g463,Ninjas in Pyjamas (Glitter)
g464,Natus Vincere (Glitter)
g465,ENCE (Glitter)
g466,G2 Esports (Glitter)
g467,forZe eSports (Glitter)
g468,Astralis (Glitter)
g469,Vitality (Glitter)
g470,MIBR (Glitter)
g471,Imperial Esports
g472,Imperial Esports (Normal)
g473,Imperial Esports (Glitter)
g474,Imperial Esports (Holo)
g475,Imperial Esports (Gold)
g476,Bad News Eagles
g477,Bad News Eagles (Normal)
g478,Bad News Eagles (Glitter)
g479,Bad News Eagles (Holo)
g480,Bad News Eagles (Gold)
g481,Eternal Fire
g482,Eternal Fire (Normal)
g483,Eternal Fire (Glitter)
g484,Eternal Fire (Holo)
g485,Eternal Fire (Gold)
g486,Team Spirit (Glitter)
g487,Outsiders
g488,Outsiders (Normal)
g489,Outsiders (Glitter)
g490,Outsiders (Holo)
g491,Outsiders (Gold)
g492,Complexity Gaming
g493,Complexity Gaming (Normal)
g494,Complexity Gaming (Glitter)
g495,Complexity Gaming (Holo)
g496,Complexity Gaming (Gold)
g497,IHC Esports
g498,IHC Esports (Normal)
g499,IHC Esports (Glitter)
g500,IHC Esports (Holo)
g501,IHC Esports (Gold)
g502,Renegades (Glitter)
g503,Team Liquid (Glitter)
g504,9z Team
g505,9z Team (Normal)
g506,9z Team (Glitter)
g507,9z Team (Holo)
g508,9z Team (Gold)
g509,PGL (Glitter)
g510,Sprout Esports (Glitter)
g511,Evil Geniuses (Glitter)
g512,MOUZ (Glitter)
g513,OG (Glitter)
g514,00 Nation
g515,00 Nation (Normal)
g516,00 Nation (Glitter)
g517,00 Nation (Holo)
g518,00 Nation (Gold)
g519,Fnatic (Glitter)
g520,GamerLegion
g521,GamerLegion (Normal)
g522,GamerLegion (Glitter)
g523,GamerLegion (Holo)
g524,GamerLegion (Gold)
g525,Grayhound Gaming (Glitter)
g526,IEM (Glitter)
g527,Into The Breach
g528,Into The Breach (Normal)
g529,Into The Breach (Glitter)
g530,Into The Breach (Holo)
g531,Into The Breach (Gold)
g532,9INE
g533,9INE (Normal)
g534,9INE (Glitter)
g535,9INE (Holo)
g536,9INE (Gold)
g537,paiN Gaming (Glitter)
g538,Apeks
g539,Apeks (Normal)
g540,Apeks (Glitter)
g541,Apeks (Holo)
g542,Apeks (Gold)
g543,Monte
g544,Monte (Normal)
g545,Monte (Glitter)
g546,Monte (Holo)
g547,Monte (Gold)
g548,Fluxo
g549,Fluxo (Normal)
g550,Fluxo (Glitter)
g551,Fluxo (Holo)
g552,Fluxo (Gold)
g553,The MongolZ
g554,The MongolZ (Normal)
g555,The MongolZ (Glitter)
g556,The MongolZ (Holo)
g557,The MongolZ (Gold)
g558,BLAST.tv
g559,BLAST.tv (Normal)
g560,BLAST.tv (Glitter)
g561,BLAST.tv (Holo)
g562,BLAST.tv (Gold)
g563,Virtus.pro (Glitter)
g564,SAW
g565,SAW (Normal)
g566,SAW (Glitter)
g567,SAW (Holo)
g568,SAW (Gold)
g569,AMKAL ESPORTS
g570,AMKAL ESPORTS (Normal)
g571,AMKAL ESPORTS (Glitter)
g572,AMKAL ESPORTS (Holo)
g573,AMKAL ESPORTS (Gold)
g574,ECSTATIC
g575,ECSTATIC (Normal)
g576,ECSTATIC (Glitter)
g577,ECSTATIC (Holo)
g578,ECSTATIC (Gold)
g579,KOI
g580,KOI (Normal)
g581,KOI (Glitter)
g582,KOI (Holo)
g583,KOI (Gold)
g584,Legacy
g585,Legacy (Normal)
g586,Legacy (Glitter)
g587,Legacy (Holo)
g588,Legacy (Gold)
g589,Lynn Vision
g590,Lynn Vision (Normal)
g591,Lynn Vision (Glitter)
g592,Lynn Vision (Holo)
g593,Lynn Vision (Gold)
g594,HEROIC
g595,HEROIC (Normal)
g596,HEROIC (Glitter)
g597,HEROIC (Holo)
g598,HEROIC (Gold)
g599,3DMAX (Glitter)
g600,FlyQuest
g601,FlyQuest (Normal)
g602,FlyQuest (Glitter)
g603,FlyQuest (Holo)
g604,FlyQuest (Gold)
g605,Passion UA
g606,Passion UA (Normal)
g607,Passion UA (Glitter)
g608,Passion UA (Holo)
g609,Passion UA (Gold)
g610,Wildcard
g611,Wildcard (Normal)
g612,Wildcard (Glitter)
g613,Wildcard (Holo)
g614,Wildcard (Gold)
g615,Rare Atom
g616,Rare Atom (Normal)
g617,Rare Atom (Glitter)
g618,Rare Atom (Holo)
g619,Rare Atom (Gold)
g620,Perfect World
g621,Perfect World (Normal)
g622,Perfect World (Glitter)
g623,Perfect World (Holo)
g624,Perfect World (Gold)
g625,910
g626,pronax
g627,pronax (Normal)
g628,pronax (Foil)
g629,flusha
g630,flusha (Normal)
g631,flusha (Foil)
g632,flusha (Gold)
g633,JW
g634,JW (Normal)
g635,JW (Foil)
g636,JW (Gold)
g637,KRIMZ
g638,KRIMZ (Normal)
g639,KRIMZ (Foil)
g640,KRIMZ (Gold)
g641,olofmeister
g642,olofmeister (Normal)
g643,olofmeister (Foil)
g644,olofmeister (Gold)
g645,FalleN
g646,FalleN (Normal)
g647,FalleN (Foil)
g648,FalleN (Gold)
g649,steel
g650,steel (Normal)
g651,steel (Foil)
g652,steel (Gold)
g653,fer
g654,fer (Normal)
g655,fer (Foil)
g656,fer (Gold)
g657,boltz
g658,boltz (Normal)
g659,boltz (Foil)
g660,boltz (Gold)
g661,coldzera
g662,coldzera (Normal)
g663,coldzera (Foil)
g664,coldzera (Gold)
g665,GuardiaN
g666,GuardiaN (Normal)
g667,GuardiaN (Foil)
g668,GuardiaN (Gold)
g669,Zeus
g670,Zeus (Normal)
g671,Zeus (Foil)
g672,Zeus (Gold)
g673,seized
g674,seized (Normal)
g675,seized (Foil)
g676,seized (Gold)
g677,Edward
g678,Edward (Normal)
g679,Edward (Foil)
g680,Edward (Gold)
g681,flamie
g682,flamie (Normal)
g683,flamie (Foil)
g684,flamie (Gold)
g685,Xizt
g686,Xizt (Normal)
g687,Xizt (Foil)
g688,Xizt (Gold)
g689,f0rest
g690,f0rest (Normal)
g691,f0rest (Foil)
g692,f0rest (Gold)
g693,GeT_RiGhT
g694,GeT_RiGhT (Normal)
g695,GeT_RiGhT (Foil)
g696,GeT_RiGhT (Gold)
g697,friberg
g698,friberg (Normal)
g699,friberg (Foil)
g700,allu
g701,allu (Normal)
g702,allu (Foil)
g703,allu (Gold)
g704,kennyS
g705,kennyS (Normal)
g706,kennyS (Foil)
g707,kennyS (Gold)
g708,kioShiMa
g709,kioShiMa (Normal)
g710,kioShiMa (Foil)
g711,kioShiMa (Gold)
g712,Happy
g713,Happy (Normal)
g714,Happy (Foil)
g715,Happy (Gold)
g716,apEX
g717,apEX (Normal)
g718,apEX (Foil)
g719,apEX (Gold)
g720,NBK-
g721,NBK- (Normal)
g722,NBK- (Foil)
g723,NBK- (Gold)
g724,karrigan
g725,karrigan (Normal)
g726,karrigan (Foil)
g727,karrigan (Gold)
g728,device
g729,device (Normal)
g730,device (Foil)
g731,device (Gold)
g732,dupreeh
g733,dupreeh (Normal)
g734,dupreeh (Foil)
g735,dupreeh (Gold)
g736,Xyp9x
g737,Xyp9x (Normal)
g738,Xyp9x (Foil)
g739,Xyp9x (Gold)
g740,cajunb
g741,cajunb (Normal)
g742,cajunb (Foil)
g743,cajunb (Gold)
g744,NEO
g745,NEO (Normal)
g746,NEO (Foil)
g747,NEO (Gold)
g748,pashaBiceps
g749,pashaBiceps (Normal)
g750,pashaBiceps (Foil)
g751,pashaBiceps (Gold)
g752,TaZ
g753,TaZ (Normal)
g754,TaZ (Foil)
g755,TaZ (Gold)
g756,Snax
g757,Snax (Normal)
g758,Snax (Foil)
g759,Snax (Gold)
g760,byali
g761,byali (Normal)
g762,byali (Foil)
g763,byali (Gold)
g764,chrisJ
g765,chrisJ (Normal)
g766,chrisJ (Foil)
g767,chrisJ (Gold)
g768,gob b
g769,gob b (Normal)
g770,gob b (Foil)
g771,gob b (Gold)
g772,denis
g773,denis (Normal)
g774,denis (Foil)
g775,denis (Gold)
g776,nex
g777,nex (Normal)
g778,nex (Foil)
g779,nex (Gold)
g780,Spiidi
g781,Spiidi (Normal)
g782,Spiidi (Foil)
g783,Spiidi (Gold)
g784,AZR
g785,AZR (Normal)
g786,AZR (Foil)
g787,AZR (Gold)
g788,Havoc
g789,Havoc (Normal)
g790,Havoc (Foil)
g791,jks
g792,jks (Normal)
g793,jks (Foil)
g794,jks (Gold)
g795,SPUNJ
g796,SPUNJ (Normal)
g797,SPUNJ (Foil)
g798,yam
g799,yam (Normal)
g800,yam (Foil)
g801,USTILO
g802,USTILO (Normal)
g803,USTILO (Foil)
g804,USTILO (Gold)
g805,Rickeh
g806,Rickeh (Normal)
g807,Rickeh (Foil)
g808,Rickeh (Gold)
g809,emagine
g810,emagine (Normal)
g811,emagine (Foil)
g812,SnypeR
g813,SnypeR (Normal)
g814,SnypeR (Foil)
g815,James
g816,James (Normal)
g817,James (Foil)
g818,markeloff
g819,markeloff (Normal)
g820,markeloff (Foil)
g821,markeloff (Gold)
g822,B1ad3
g823,B1ad3 (Normal)
g824,B1ad3 (Foil)
g825,B1ad3 (Gold)
g826,bondik
g827,bondik (Normal)
g828,bondik (Foil)
g829,bondik (Gold)
g830,WorldEdit
g831,WorldEdit (Normal)
g832,WorldEdit (Foil)
g833,WorldEdit (Gold)
g834,DavCost
g835,DavCost (Normal)
g836,DavCost (Foil)
g837,DavCost (Gold)
g838,dennis
g839,dennis (Normal)
g840,dennis (Foil)
g841,dennis (Gold)
g842,ScreaM
g843,ScreaM (Normal)
g844,ScreaM (Foil)
g845,ScreaM (Gold)
g846,rain
g847,rain (Normal)
g848,rain (Foil)
g849,rain (Gold)
g850,Maikelele
g851,Maikelele (Normal)
g852,Maikelele (Foil)
g853,fox
g854,fox (Normal)
g855,fox (Foil)
g856,rallen
g857,rallen (Normal)
g858,rallen (Foil)
g859,rallen (Gold)
g860,Hyper
g861,Hyper (Normal)
g862,Hyper (Foil)
g863,peet
g864,peet (Normal)
g865,peet (Foil)
g866,Furlan
g867,Furlan (Normal)
g868,Furlan (Foil)
g869,GruBy
g870,GruBy (Normal)
g871,GruBy (Foil)
g872,Maniac
g873,Maniac (Normal)
g874,Maniac (Foil)
g875,Ex6TenZ
g876,Ex6TenZ (Normal)
g877,Ex6TenZ (Foil)
g878,Ex6TenZ (Gold)
g879,shox
g880,shox (Normal)
g881,shox (Foil)
g882,shox (Gold)
g883,SmithZz
g884,SmithZz (Normal)
g885,SmithZz (Foil)
g886,SmithZz (Gold)
g887,RpK
g888,RpK (Normal)
g889,RpK (Foil)
g890,RpK (Gold)
g891,hazed
g892,hazed (Normal)
g893,hazed (Foil)
g894,FNS
g895,FNS (Normal)
g896,FNS (Foil)
g897,jdm64
g898,jdm64 (Normal)
g899,jdm64 (Foil)
g900,jdm64 (Gold)
g901,reltuC
g902,reltuC (Normal)
g903,reltuC (Foil)
g904,tarik
g905,tarik (Normal)
g906,tarik (Foil)
g907,tarik (Gold)
g908,n0thing
g909,n0thing (Normal)
g910,n0thing (Foil)
g911,n0thing (Gold)
g912,seang@res
g913,seang@res (Normal)
g914,seang@res (Foil)
g915,seang@res (Gold)
g916,shroud
g917,shroud (Normal)
g918,shroud (Foil)
g919,shroud (Gold)
g920,freakazoid
g921,freakazoid (Normal)
g922,freakazoid (Foil)
g923,Skadoodle
g924,Skadoodle (Normal)
g925,Skadoodle (Foil)
g926,Skadoodle (Gold)
g927,jkaem
g928,jkaem (Normal)
g929,jkaem (Foil)
g930,jkaem (Gold)
g931,NiKo
g932,NiKo (Normal)
g933,NiKo (Foil)
g934,NiKo (Gold)
g935,aizy
g936,aizy (Normal)
g937,aizy (Foil)
g938,aizy (Gold)
g939,Kjaerbye
g940,Kjaerbye (Normal)
g941,Kjaerbye (Foil)
g942,Kjaerbye (Gold)
g943,MSL
g944,MSL (Normal)
g945,MSL (Foil)
g946,MSL (Gold)
g947,Pimp
g948,Pimp (Normal)
g949,Pimp (Foil)
g950,tenzki
g951,tenzki (Normal)
g952,tenzki (Foil)
g953,adreN
g954,adreN (Normal)
g955,adreN (Foil)
g956,EliGE
g957,EliGE (Normal)
g958,EliGE (Foil)
g959,EliGE (Gold)
g960,FugLy
g961,FugLy (Normal)
g962,FugLy (Foil)
g963,FugLy (Gold)
g964,Hiko
g965,Hiko (Normal)
g966,Hiko (Foil)
g967,Hiko (Gold)
g968,nitr0
g969,nitr0 (Normal)
g970,nitr0 (Foil)
g971,nitr0 (Gold)
g972,Stewie2K
g973,Stewie2K (Normal)
g974,Stewie2K (Foil)
g975,Stewie2K (Gold)
g976,DEVIL
g977,DEVIL (Normal)
g978,DEVIL (Foil)
g979,Shara
g980,Shara (Normal)
g981,Shara (Foil)
g982,fnx
g983,fnx (Normal)
g984,fnx (Foil)
g985,fnx (Gold)
g986,TACO
g987,TACO (Normal)
g988,TACO (Foil)
g989,TACO (Gold)
g990,pyth
g991,pyth (Normal)
g992,pyth (Foil)
g993,jasonR
g994,jasonR (Normal)
g995,jasonR (Foil)
g996,arya
g997,arya (Normal)
g998,arya (Foil)
g999,Professor_Chaos
g1000,Professor_Chaos (Normal)
g1001,Professor_Chaos (Foil)
g1002,DAVEY
g1003,DAVEY (Normal)
g1004,DAVEY (Foil)
g1005,abE
g1006,abE (Normal)
g1007,abE (Foil)
g1008,s1mple
g1009,s1mple (Normal)
g1010,s1mple (Foil)
g1011,s1mple (Gold)
g1012,wayLander
g1013,wayLander (Normal)
g1014,wayLander (Foil)
g1015,wayLander (Gold)
g1016,Dosia
g1017,Dosia (Normal)
g1018,Dosia (Foil)
g1019,Dosia (Gold)
g1020,hooch
g1021,hooch (Normal)
g1022,hooch (Foil)
g1023,mou
g1024,mou (Normal)
g1025,mou (Foil)
g1026,mou (Gold)
g1027,AdreN 
g1028,AdreN  (Normal)
g1029,AdreN
g1030,AdreN (Foil) 
g1031,koosta
g1032,koosta (Normal)
g1033,koosta (Foil)
g1034,pita
g1035,pita (Normal)
g1036,pita (Foil)
g1037,daps
g1038,daps (Normal)
g1039,daps (Foil)
g1040,daps (Gold)
g1041,mixwell
g1042,mixwell (Normal)
g1043,mixwell (Foil)
g1044,NAF
g1045,NAF (Normal)
g1046,NAF (Foil)
g1047,NAF (Gold)
g1048,RUSH
g1049,RUSH (Normal)
g1050,RUSH (Foil)
g1051,RUSH (Gold)
g1052,stanislaw
g1053,stanislaw (Normal)
g1054,stanislaw (Foil)
g1055,stanislaw (Gold)
g1056,TENZKI
g1057,TENZKI (Normal)
g1058,TENZKI (Foil)
g1059,RUBINO
g1060,RUBINO (Normal)
g1061,RUBINO (Foil)
g1062,k0nfig
g1063,k0nfig (Normal)
g1064,k0nfig (Foil)
g1065,k0nfig (Gold)
g1066,bodyy
g1067,bodyy (Normal)
g1068,bodyy (Foil)
g1069,bodyy (Gold)
g1070,gla1ve
g1071,gla1ve (Normal)
g1072,gla1ve (Foil)
g1073,gla1ve (Gold)
g1074,spaze
g1075,spaze (Normal)
g1076,spaze (Foil)
g1077,AdreN (Normal)
g1078,AdreN (Foil)
g1079,AdreN (Gold)
g1080,STYKO
g1081,STYKO (Normal)
g1082,STYKO (Foil)
g1083,STYKO (Gold)
g1084,Zero
g1085,Zero (Normal)
g1086,Zero (Foil)
g1087,DeadFox
g1088,DeadFox (Normal)
g1089,DeadFox (Foil)
g1090,DeadFox (Gold)
g1091,ANGE1
g1092,ANGE1 (Normal)
g1093,ANGE1 (Foil)
g1094,ANGE1 (Gold)
g1095,SIXER
g1096,SIXER (Normal)
g1097,SIXER (Foil)
g1098,SIXER (Gold)
g1099,electronic
g1100,electronic (Normal)
g1101,electronic (Foil)
g1102,electronic (Gold)
g1103,twist
g1104,twist (Normal)
g1105,twist (Foil)
g1106,twist (Gold)
g1107,disco doplan
g1108,disco doplan (Normal)
g1109,disco doplan (Foil)
g1110,loWel
g1111,loWel (Normal)
g1112,loWel (Foil)
g1113,loWel (Gold)
g1114,znajder
g1115,znajder (Normal)
g1116,znajder (Foil)
g1117,Lekr0
g1118,Lekr0 (Normal)
g1119,Lekr0 (Foil)
g1120,Lekr0 (Gold)
g1121,Magisk
g1122,Magisk (Normal)
g1123,Magisk (Foil)
g1124,Magisk (Gold)
g1125,Hobbit
g1126,Hobbit (Normal)
g1127,Hobbit (Foil)
g1128,Hobbit (Gold)
g1129,felps
g1130,felps (Normal)
g1131,felps (Foil)
g1132,felps (Gold)
g1133,oskar
g1134,oskar (Normal)
g1135,oskar (Foil)
g1136,oskar (Gold)
g1137,ropz
g1138,ropz (Normal)
g1139,ropz (Foil)
g1140,ropz (Gold)
g1141,keev
g1142,keev (Normal)
g1143,keev (Foil)
g1144,keev (Gold)
g1145,LEGIJA
g1146,LEGIJA (Normal)
g1147,LEGIJA (Foil)
g1148,LEGIJA (Gold)
g1149,tabseN
g1150,tabseN (Normal)
g1151,tabseN (Foil)
g1152,tabseN (Gold)
g1153,autimatic
g1154,autimatic (Normal)
g1155,autimatic (Foil)
g1156,autimatic (Gold)
g1157,HS
g1158,HS (Normal)
g1159,HS (Foil)
g1160,HS (Gold)
g1161,innocent
g1162,innocent (Normal)
g1163,innocent (Foil)
g1164,innocent (Gold)
g1165,kRYSTAL
g1166,kRYSTAL (Normal)
g1167,kRYSTAL (Foil)
g1168,kRYSTAL (Gold)
g1169,suNny
g1170,suNny (Normal)
g1171,suNny (Foil)
g1172,suNny (Gold)
g1173,zehN
g1174,zehN (Normal)
g1175,zehN (Foil)
g1176,zehN (Gold)
g1177,HEN1
g1178,HEN1 (Normal)
g1179,HEN1 (Foil)
g1180,HEN1 (Gold)
g1181,kNgV-
g1182,kNgV- (Normal)
g1183,kNgV- (Foil)
g1184,kNgV- (Gold)
g1185,LUCAS1
g1186,LUCAS1 (Normal)
g1187,LUCAS1 (Foil)
g1188,LUCAS1 (Gold)
g1189,chopper
g1190,chopper (Normal)
g1191,chopper (Foil)
g1192,chopper (Gold)
g1193,hutji
g1194,hutji (Normal)
g1195,hutji (Foil)
g1196,hutji (Gold)
g1197,jR
g1198,jR (Normal)
g1199,jR (Foil)
g1200,jR (Gold)
g1201,keshandr
g1202,keshandr (Normal)
g1203,keshandr (Foil)
g1204,keshandr (Gold)
g1205,mir
g1206,mir (Normal)
g1207,mir (Foil)
g1208,mir (Gold)
g1209,fitch
g1210,fitch (Normal)
g1211,fitch (Foil)
g1212,fitch (Gold)
g1213,BIT
g1214,BIT (Normal)
g1215,BIT (Foil)
g1216,BIT (Gold)
g1217,Golden
g1218,Golden (Normal)
g1219,Golden (Foil)
g1220,Golden (Gold)
g1221,v4lde
g1222,v4lde (Normal)
g1223,v4lde (Foil)
g1224,v4lde (Gold)
g1225,Calyx
g1226,Calyx (Normal)
g1227,Calyx (Foil)
g1228,Calyx (Gold)
g1229,MAJ3R
g1230,MAJ3R (Normal)
g1231,MAJ3R (Foil)
g1232,MAJ3R (Gold)
g1233,ngiN
g1234,ngiN (Normal)
g1235,ngiN (Foil)
g1236,ngiN (Gold)
g1237,paz
g1238,paz (Normal)
g1239,paz (Foil)
g1240,paz (Gold)
g1241,XANTARES
g1242,XANTARES (Normal)
g1243,XANTARES (Foil)
g1244,XANTARES (Gold)
g1245,Twistzz
g1246,Twistzz (Normal)
g1247,Twistzz (Foil)
g1248,Twistzz (Gold)
g1249,buster
g1250,buster (Normal)
g1251,buster (Foil)
g1252,buster (Gold)
g1253,dimasick
g1254,dimasick (Normal)
g1255,dimasick (Foil)
g1256,dimasick (Gold)
g1257,Jame
g1258,Jame (Normal)
g1259,Jame (Foil)
g1260,Jame (Gold)
g1261,KrizzeN
g1262,KrizzeN (Normal)
g1263,KrizzeN (Foil)
g1264,KrizzeN (Gold)
g1265,qikert
g1266,qikert (Normal)
g1267,qikert (Foil)
g1268,qikert (Gold)
g1269,Nifty
g1270,Nifty (Normal)
g1271,Nifty (Foil)
g1272,Nifty (Gold)
g1273,xms
g1274,xms (Normal)
g1275,xms (Foil)
g1276,xms (Gold)
g1277,AmaNEk
g1278,AmaNEk (Normal)
g1279,AmaNEk (Foil)
g1280,AmaNEk (Gold)
g1281,devoduvek
g1282,devoduvek (Normal)
g1283,devoduvek (Foil)
g1284,devoduvek (Gold)
g1285,ShahZaM
g1286,ShahZaM (Normal)
g1287,ShahZaM (Foil)
g1288,ShahZaM (Gold)
g1289,SicK
g1290,SicK (Normal)
g1291,SicK (Foil)
g1292,SicK (Gold)
g1293,balblna
g1294,balblna (Normal)
g1295,balblna (Foil)
g1296,balblna (Gold)
g1297,Boombl4
g1298,Boombl4 (Normal)
g1299,Boombl4 (Foil)
g1300,Boombl4 (Gold)
g1301,jmqa
g1302,jmqa (Normal)
g1303,jmqa (Foil)
g1304,jmqa (Gold)
g1305,Kvik
g1306,Kvik (Normal)
g1307,Kvik (Foil)
g1308,Kvik (Gold)
g1309,waterfaLLZ
g1310,waterfaLLZ (Normal)
g1311,waterfaLLZ (Foil)
g1312,waterfaLLZ (Gold)
g1313,BnTeT
g1314,BnTeT (Normal)
g1315,BnTeT (Foil)
g1316,BnTeT (Gold)
g1317,captainMo
g1318,captainMo (Normal)
g1319,captainMo (Foil)
g1320,captainMo (Gold)
g1321,DD
g1322,DD (Normal)
g1323,DD (Foil)
g1324,DD (Gold)
g1325,somebody
g1326,somebody (Normal)
g1327,somebody (Foil)
g1328,somebody (Gold)
g1329,Attacker
g1330,Attacker (Normal)
g1331,Attacker (Foil)
g1332,Attacker (Gold)
g1333,Karsa
g1334,Karsa (Normal)
g1335,Karsa (Foil)
g1336,Karsa (Gold)
g1337,Kaze
g1338,Kaze (Normal)
g1339,Kaze (Foil)
g1340,Kaze (Gold)
g1341,LoveYY
g1342,LoveYY (Normal)
g1343,LoveYY (Foil)
g1344,LoveYY (Gold)
g1345,Summer
g1346,Summer (Normal)
g1347,Summer (Foil)
g1348,Summer (Gold)
g1349,ANDROID
g1350,ANDROID (Normal)
g1351,ANDROID (Foil)
g1352,ANDROID (Gold)
g1353,dephh
g1354,dephh (Normal)
g1355,dephh (Foil)
g1356,dephh (Gold)
g1357,yay
g1358,yay (Normal)
g1359,yay (Foil)
g1360,yay (Gold)
g1361,COLDYY1
g1362,COLDYY1 (Normal)
g1363,COLDYY1 (Foil)
g1364,COLDYY1 (Gold)
g1365,Dima
g1366,Dima (Normal)
g1367,Dima (Foil)
g1368,Dima (Gold)
g1369,sdy
g1370,sdy (Normal)
g1371,sdy (Foil)
g1372,sdy (Gold)
g1373,S0tF1k
g1374,S0tF1k (Normal)
g1375,S0tF1k (Foil)
g1376,S0tF1k (Gold)
g1377,tonyblack
g1378,tonyblack (Normal)
g1379,tonyblack (Foil)
g1380,tonyblack (Gold)
g1381,crush
g1382,crush (Normal)
g1383,crush (Foil)
g1384,crush (Gold)
g1385,woxic
g1386,woxic (Normal)
g1387,woxic (Foil)
g1388,woxic (Gold)
g1389,ISSAA
g1390,ISSAA (Normal)
g1391,ISSAA (Foil)
g1392,ISSAA (Gold)
g1393,xccurate
g1394,xccurate (Normal)
g1395,xccurate (Foil)
g1396,xccurate (Gold)
g1397,gade
g1398,gade (Normal)
g1399,gade (Foil)
g1400,gade (Gold)
g1401,Snappi
g1402,Snappi (Normal)
g1403,Snappi (Foil)
g1404,Snappi (Gold)
g1405,JUGi
g1406,JUGi (Normal)
g1407,JUGi (Foil)
g1408,JUGi (Gold)
g1409,draken
g1410,draken (Normal)
g1411,draken (Foil)
g1412,draken (Gold)
g1413,REZ
g1414,REZ (Normal)
g1415,REZ (Foil)
g1416,REZ (Gold)
g1417,tiziaN
g1418,tiziaN (Normal)
g1419,tiziaN (Foil)
g1420,tiziaN (Gold)
g1421,smooya
g1422,smooya (Normal)
g1423,smooya (Foil)
g1424,smooya (Gold)
g1425,MICHU
g1426,MICHU (Normal)
g1427,MICHU (Foil)
g1428,MICHU (Gold)
g1429,snatchie
g1430,snatchie (Normal)
g1431,snatchie (Foil)
g1432,snatchie (Gold)
g1433,niko 
g1434,niko  (Normal)
g1435,niko
g1436,niko (Foil) 
g1437,niko (Gold) 
g1438,cadiaN
g1439,cadiaN (Normal)
g1440,cadiaN (Foil)
g1441,cadiaN (Gold)
g1442,vice
g1443,vice (Normal)
g1444,vice (Foil)
g1445,vice (Gold)
g1446,Aerial
g1447,Aerial (Normal)
g1448,Aerial (Foil)
g1449,Aerial (Gold)
g1450,xseveN
g1451,xseveN (Normal)
g1452,xseveN (Foil)
g1453,xseveN (Gold)
g1454,Aleksib
g1455,Aleksib (Normal)
g1456,Aleksib (Foil)
g1457,Aleksib (Gold)
g1458,sergej
g1459,sergej (Normal)
g1460,sergej (Foil)
g1461,sergej (Gold)
g1462,Brollan
g1463,Brollan (Normal)
g1464,Brollan (Foil)
g1465,Brollan (Gold)
g1466,VINI
g1467,VINI (Normal)
g1468,VINI (Foil)
g1469,VINI (Gold)
g1470,ableJ
g1471,ableJ (Normal)
g1472,ableJ (Foil)
g1473,ableJ (Gold)
g1474,arT
g1475,arT (Normal)
g1476,arT (Foil)
g1477,arT (Gold)
g1478,KSCERATO
g1479,KSCERATO (Normal)
g1480,KSCERATO (Foil)
g1481,KSCERATO (Gold)
g1482,yuurih
g1483,yuurih (Normal)
g1484,yuurih (Foil)
g1485,yuurih (Gold)
g1486,JaCkz
g1487,JaCkz (Normal)
g1488,JaCkz (Foil)
g1489,JaCkz (Gold)
g1490,Lucky
g1491,Lucky (Normal)
g1492,Lucky (Foil)
g1493,Lucky (Gold)
g1494,sterling
g1495,sterling (Normal)
g1496,sterling (Foil)
g1497,sterling (Gold)
g1498,dexter
g1499,dexter (Normal)
g1500,dexter (Foil)
g1501,dexter (Gold)
g1502,erkaSt
g1503,erkaSt (Normal)
g1504,erkaSt (Foil)
g1505,erkaSt (Gold)
g1506,malta
g1507,malta (Normal)
g1508,malta (Foil)
g1509,malta (Gold)
g1510,DickStacy
g1511,DickStacy (Normal)
g1512,DickStacy (Foil)
g1513,DickStacy (Gold)
g1514,Brehze
g1515,Brehze (Normal)
g1516,Brehze (Foil)
g1517,Brehze (Gold)
g1518,Ethan
g1519,Ethan (Normal)
g1520,Ethan (Foil)
g1521,Ethan (Gold)
g1522,CeRq
g1523,CeRq (Normal)
g1524,CeRq (Foil)
g1525,CeRq (Gold)
g1526,Gratisfaction
g1527,Gratisfaction (Normal)
g1528,Gratisfaction (Foil)
g1529,Gratisfaction (Gold)
g1530,Liazz
g1531,Liazz (Normal)
g1532,Liazz (Foil)
g1533,Liazz (Gold)
g1534,advent
g1535,advent (Normal)
g1536,advent (Foil)
g1537,advent (Gold)
g1538,aumaN
g1539,aumaN (Normal)
g1540,aumaN (Foil)
g1541,aumaN (Gold)
g1542,zhokiNg
g1543,zhokiNg (Normal)
g1544,zhokiNg (Foil)
g1545,zhokiNg (Gold)
g1546,Freeman
g1547,Freeman (Normal)
g1548,Freeman (Foil)
g1549,Freeman (Gold)
g1550,ALEX
g1551,ALEX (Normal)
g1552,ALEX (Foil)
g1553,ALEX (Gold)
g1554,ZywOo
g1555,ZywOo (Normal)
g1556,ZywOo (Foil)
g1557,ZywOo (Gold)
g1558,n0rb3r7
g1559,n0rb3r7 (Normal)
g1560,n0rb3r7 (Foil)
g1561,n0rb3r7 (Gold)
g1562,oBo
g1563,oBo (Normal)
g1564,oBo (Foil)
g1565,oBo (Gold)
g1566,SANJI
g1567,SANJI (Normal)
g1568,SANJI (Foil)
g1569,SANJI (Gold)
g1570,Sico
g1571,Sico (Normal)
g1572,Sico (Foil)
g1573,Sico (Gold)
g1574,frozen
g1575,frozen (Normal)
g1576,frozen (Foil)
g1577,frozen (Gold)
g1578,FL1T
g1579,FL1T (Normal)
g1580,FL1T (Foil)
g1581,FL1T (Gold)
g1582,Jerry
g1583,Jerry (Normal)
g1584,Jerry (Foil)
g1585,Jerry (Gold)
g1586,almazer
g1587,almazer (Normal)
g1588,almazer (Foil)
g1589,almazer (Gold)
g1590,xsepower
g1591,xsepower (Normal)
g1592,xsepower (Foil)
g1593,xsepower (Gold)
g1594,facecrack
g1595,facecrack (Normal)
g1596,facecrack (Foil)
g1597,facecrack (Gold)
g1598,nexa
g1599,nexa (Normal)
g1600,nexa (Foil)
g1601,nexa (Gold)
g1602,huNter-
g1603,huNter- (Normal)
g1604,huNter- (Foil)
g1605,huNter- (Gold)
g1606,ottoNd
g1607,ottoNd (Normal)
g1608,ottoNd (Foil)
g1609,ottoNd (Gold)
g1610,LETN1
g1611,LETN1 (Normal)
g1612,LETN1 (Foil)
g1613,LETN1 (Gold)
g1614,EspiranTo
g1615,EspiranTo (Normal)
g1616,EspiranTo (Foil)
g1617,EspiranTo (Gold)
g1618,t0rick
g1619,t0rick (Normal)
g1620,t0rick (Foil)
g1621,t0rick (Gold)
g1622,neaLaN
g1623,neaLaN (Normal)
g1624,neaLaN (Foil)
g1625,neaLaN (Gold)
g1626,Keoz
g1627,Keoz (Normal)
g1628,Keoz (Foil)
g1629,Keoz (Gold)
g1630,Ramz1kBO$$
g1631,Ramz1kBO$$ (Normal)
g1632,Ramz1kBO$$ (Foil)
g1633,Ramz1kBO$$ (Gold)
g1634,Perfecto
g1635,Perfecto (Normal)
g1636,Perfecto (Foil)
g1637,Perfecto (Gold)
g1638,svyat
g1639,svyat (Normal)
g1640,svyat (Foil)
g1641,svyat (Gold)
g1642,kinqie
g1643,kinqie (Normal)
g1644,kinqie (Foil)
g1645,kinqie (Gold)
g1646,Forester
g1647,Forester (Normal)
g1648,Forester (Foil)
g1649,Forester (Gold)
g1650,Krad
g1651,Krad (Normal)
g1652,Krad (Foil)
g1653,Krad (Gold)
g1654,speed4k
g1655,speed4k (Normal)
g1656,speed4k (Foil)
g1657,speed4k (Gold)
g1658,DeStiNy
g1659,DeStiNy (Normal)
g1660,DeStiNy (Foil)
g1661,DeStiNy (Gold)
g1662,yel
g1663,yel (Normal)
g1664,yel (Foil)
g1665,yel (Gold)
g1666,chelo
g1667,chelo (Normal)
g1668,chelo (Foil)
g1669,chelo (Gold)
g1670,xand
g1671,xand (Normal)
g1672,xand (Foil)
g1673,xand (Gold)
g1674,s1mple (Holo)
g1675,Perfecto (Holo)
g1676,Boombl4 (Holo)
g1677,b1t
g1678,b1t (Normal)
g1679,b1t (Holo)
g1680,b1t (Gold)
g1681,electroNic
g1682,electroNic (Normal)
g1683,electroNic (Holo)
g1684,electroNic (Gold)
g1685,NiKo (Holo)
g1686,nexa (Holo)
g1687,huNter- (Holo)
g1688,JACKZ
g1689,JACKZ (Normal)
g1690,JACKZ (Holo)
g1691,JACKZ (Gold)
g1692,AMANEK
g1693,AMANEK (Normal)
g1694,AMANEK (Holo)
g1695,AMANEK (Gold)
g1696,TeSeS
g1697,TeSeS (Normal)
g1698,TeSeS (Holo)
g1699,TeSeS (Gold)
g1700,stavn
g1701,stavn (Normal)
g1702,stavn (Holo)
g1703,stavn (Gold)
g1704,sjuush
g1705,sjuush (Normal)
g1706,sjuush (Holo)
g1707,sjuush (Gold)
g1708,refrezh
g1709,refrezh (Normal)
g1710,refrezh (Holo)
g1711,refrezh (Gold)
g1712,cadiaN (Holo)
g1713,nafany
g1714,nafany (Normal)
g1715,nafany (Holo)
g1716,nafany (Gold)
g1717,Ax1Le
g1718,Ax1Le (Normal)
g1719,Ax1Le (Holo)
g1720,Ax1Le (Gold)
g1721,interz
g1722,interz (Normal)
g1723,interz (Holo)
g1724,interz (Gold)
g1725,sh1ro
g1726,sh1ro (Normal)
g1727,sh1ro (Holo)
g1728,sh1ro (Gold)
g1729,HObbit
g1730,HObbit (Normal)
g1731,HObbit (Holo)
g1732,HObbit (Gold)
g1733,drop
g1734,drop (Normal)
g1735,drop (Holo)
g1736,drop (Gold)
g1737,KSCERATO (Holo)
g1738,VINI (Holo)
g1739,arT (Holo)
g1740,yuurih (Holo)
g1741,Qikert
g1742,Qikert (Normal)
g1743,Qikert (Holo)
g1744,Qikert (Gold)
g1745,buster (Holo)
g1746,YEKINDAR
g1747,YEKINDAR (Normal)
g1748,YEKINDAR (Holo)
g1749,YEKINDAR (Gold)
g1750,Jame (Holo)
g1751,FL1T (Holo)
g1752,hampus
g1753,hampus (Normal)
g1754,hampus (Holo)
g1755,hampus (Gold)
g1756,LNZ
g1757,LNZ (Normal)
g1758,LNZ (Holo)
g1759,LNZ (Gold)
g1760,REZ (Holo)
g1761,Plopski
g1762,Plopski (Normal)
g1763,Plopski (Holo)
g1764,Plopski (Gold)
g1765,device (Holo)
g1766,ZywOo (Holo)
g1767,misutaaa
g1768,misutaaa (Normal)
g1769,misutaaa (Holo)
g1770,misutaaa (Gold)
g1771,Kyojin
g1772,Kyojin (Normal)
g1773,Kyojin (Holo)
g1774,Kyojin (Gold)
g1775,shox (Holo)
g1776,apEX (Holo)
g1777,rain (Champion) (Normal)
g1778,"rain (Glitter, Champion) (Normal)"
g1779,"rain (Holo, Champion) (Normal)"
g1780,karrigan (Champion) (Normal)
g1781,"karrigan (Glitter, Champion) (Normal)"
g1782,"karrigan (Holo, Champion) (Normal)"
g1783,Twistzz (Champion) (Normal)
g1784,"Twistzz (Glitter, Champion) (Normal)"
g1785,"Twistzz (Holo, Champion) (Normal)"
g1786,broky
g1787,broky (Champion) (Normal)
g1788,"broky (Glitter, Champion) (Normal)"
g1789,"broky (Holo, Champion) (Normal)"
g1790,broky (Gold)
g1791,ropz (Champion) (Normal)
g1792,"ropz (Glitter, Champion) (Normal)"
g1793,"ropz (Holo, Champion) (Normal)"
g1794,stavn (Glitter)
g1795,cadiaN (Glitter)
g1796,TeSeS (Glitter)
g1797,refrezh (Glitter)
g1798,sjuush (Glitter)
g1799,roeJ
g1800,roeJ (Normal)
g1801,roeJ (Glitter)
g1802,roeJ (Holo)
g1803,roeJ (Gold)
g1804,Zyphon
g1805,Zyphon (Normal)
g1806,Zyphon (Glitter)
g1807,Zyphon (Holo)
g1808,Zyphon (Gold)
g1809,HooXi
g1810,HooXi (Normal)
g1811,HooXi (Glitter)
g1812,HooXi (Holo)
g1813,HooXi (Gold)
g1814,jabbi
g1815,jabbi (Normal)
g1816,jabbi (Glitter)
g1817,jabbi (Holo)
g1818,jabbi (Gold)
g1819,nicoodoz
g1820,nicoodoz (Normal)
g1821,nicoodoz (Glitter)
g1822,nicoodoz (Holo)
g1823,nicoodoz (Gold)
g1824,tabseN (Glitter)
g1825,tabseN (Holo)
g1826,tiziaN (Glitter)
g1827,tiziaN (Holo)
g1828,faveN
g1829,faveN (Normal)
g1830,faveN (Glitter)
g1831,faveN (Holo)
g1832,faveN (Gold)
g1833,Krimbo
g1834,Krimbo (Normal)
g1835,Krimbo (Glitter)
g1836,Krimbo (Holo)
g1837,Krimbo (Gold)
g1838,syrsoN
g1839,syrsoN (Normal)
g1840,syrsoN (Glitter)
g1841,syrsoN (Holo)
g1842,syrsoN (Gold)
g1843,interz (Glitter)
g1844,sh1ro (Glitter)
g1845,nafany (Glitter)
g1846,Ax1Le (Glitter)
g1847,Hobbit (Glitter)
g1848,Hobbit (Holo)
g1849,yuurih (Glitter)
g1850,arT (Glitter)
g1851,KSCERATO (Glitter)
g1852,drop (Glitter)
g1853,saffee
g1854,saffee (Normal)
g1855,saffee (Glitter)
g1856,saffee (Holo)
g1857,saffee (Gold)
g1858,rain (Glitter)
g1859,rain (Holo)
g1860,karrigan (Glitter)
g1861,karrigan (Holo)
g1862,Twistzz (Glitter)
g1863,Twistzz (Holo)
g1864,broky (Normal)
g1865,broky (Glitter)
g1866,broky (Holo)
g1867,ropz (Glitter)
g1868,ropz (Holo)
g1869,REZ (Glitter)
g1870,hampus (Glitter)
g1871,Plopski (Glitter)
g1872,es3tag
g1873,es3tag (Normal)
g1874,es3tag (Glitter)
g1875,es3tag (Holo)
g1876,es3tag (Gold)
g1877,Brollan (Glitter)
g1878,Brollan (Holo)
g1879,s1mple (Glitter)
g1880,Boombl4 (Glitter)
g1881,Perfecto (Glitter)
g1882,electronic (Glitter)
g1883,electronic (Holo)
g1884,b1t (Glitter)
g1885,Snappi (Glitter)
g1886,Snappi (Holo)
g1887,dycha
g1888,dycha (Normal)
g1889,dycha (Glitter)
g1890,dycha (Holo)
g1891,dycha (Gold)
g1892,Spinx
g1893,Spinx (Normal)
g1894,Spinx (Glitter)
g1895,Spinx (Holo)
g1896,Spinx (Gold)
g1897,hades
g1898,hades (Normal)
g1899,hades (Glitter)
g1900,hades (Holo)
g1901,hades (Gold)
g1902,maden
g1903,maden (Normal)
g1904,maden (Glitter)
g1905,maden (Holo)
g1906,maden (Gold)
g1907,Aleksib (Glitter)
g1908,Aleksib (Holo)
g1909,huNter
g1910,huNter (Normal)
g1911,huNter (Glitter)
g1912,huNter (Holo)
g1913,huNter (Gold)
g1914,JaCkz (Glitter)
g1915,JaCkz (Holo)
g1916,m0NESY
g1917,m0NESY (Normal)
g1918,m0NESY (Glitter)
g1919,m0NESY (Holo)
g1920,m0NESY (Gold)
g1921,NiKo (Glitter)
g1922,Jerry (Glitter)
g1923,Jerry (Holo)
g1924,zorte
g1925,zorte (Normal)
g1926,zorte (Glitter)
g1927,zorte (Holo)
g1928,zorte (Gold)
g1929,KENSi
g1930,KENSi (Normal)
g1931,KENSi (Glitter)
g1932,KENSi (Holo)
g1933,KENSi (Gold)
g1934,Norwi
g1935,Norwi (Normal)
g1936,Norwi (Glitter)
g1937,Norwi (Holo)
g1938,Norwi (Gold)
g1939,shalfey
g1940,shalfey (Normal)
g1941,shalfey (Glitter)
g1942,shalfey (Holo)
g1943,shalfey (Gold)
g1944,gla1ve (Glitter)
g1945,gla1ve (Holo)
g1946,blameF
g1947,blameF (Normal)
g1948,blameF (Glitter)
g1949,blameF (Holo)
g1950,blameF (Gold)
g1951,k0nfig (Glitter)
g1952,k0nfig (Holo)
g1953,Xyp9x (Glitter)
g1954,Xyp9x (Holo)
g1955,Farlig
g1956,Farlig (Normal)
g1957,Farlig (Glitter)
g1958,Farlig (Holo)
g1959,Farlig (Gold)
g1960,apEX (Glitter)
g1961,misutaaa (Glitter)
g1962,dupreeh (Glitter)
g1963,dupreeh (Holo)
g1964,Magisk (Glitter)
g1965,Magisk (Holo)
g1966,ZywOo (Glitter)
g1967,WOOD7
g1968,WOOD7 (Normal)
g1969,WOOD7 (Glitter)
g1970,WOOD7 (Holo)
g1971,WOOD7 (Gold)
g1972,chelo (Glitter)
g1973,chelo (Holo)
g1974,Tuurtle
g1975,Tuurtle (Normal)
g1976,Tuurtle (Glitter)
g1977,Tuurtle (Holo)
g1978,Tuurtle (Gold)
g1979,exit
g1980,exit (Normal)
g1981,exit (Glitter)
g1982,exit (Holo)
g1983,exit (Gold)
g1984,JOTA
g1985,JOTA (Normal)
g1986,JOTA (Glitter)
g1987,JOTA (Holo)
g1988,JOTA (Gold)
g1989,FalleN (Glitter)
g1990,FalleN (Holo)
g1991,fer (Glitter)
g1992,fer (Holo)
g1993,fnx (Glitter)
g1994,fnx (Holo)
g1995,boltz (Glitter)
g1996,boltz (Holo)
g1997,VINI (Glitter)
g1998,rigoN
g1999,rigoN (Normal)
g2000,rigoN (Glitter)
g2001,rigoN (Holo)
g2002,rigoN (Gold)
g2003,juanflatroo
g2004,juanflatroo (Normal)
g2005,juanflatroo (Glitter)
g2006,juanflatroo (Holo)
g2007,juanflatroo (Gold)
g2008,SENER1
g2009,SENER1 (Normal)
g2010,SENER1 (Glitter)
g2011,SENER1 (Holo)
g2012,SENER1 (Gold)
g2013,sinnopsyy
g2014,sinnopsyy (Normal)
g2015,sinnopsyy (Glitter)
g2016,sinnopsyy (Holo)
g2017,sinnopsyy (Gold)
g2018,gxx-
g2019,gxx- (Normal)
g2020,gxx- (Glitter)
g2021,gxx- (Holo)
g2022,gxx- (Gold)
g2023,XANTARES (Glitter)
g2024,XANTARES (Holo)
g2025,woxic (Glitter)
g2026,woxic (Holo)
g2027,imoRR
g2028,imoRR (Normal)
g2029,imoRR (Glitter)
g2030,imoRR (Holo)
g2031,imoRR (Gold)
g2032,Calyx (Glitter)
g2033,Calyx (Holo)
g2034,xfl0ud
g2035,xfl0ud (Normal)
g2036,xfl0ud (Glitter)
g2037,xfl0ud (Holo)
g2038,xfl0ud (Gold)
g2039,chopper (Glitter)
g2040,chopper (Holo)
g2041,magixx
g2042,magixx (Normal)
g2043,magixx (Glitter)
g2044,magixx (Holo)
g2045,magixx (Gold)
g2046,degster
g2047,degster (Normal)
g2048,degster (Glitter)
g2049,degster (Holo)
g2050,degster (Gold)
g2051,Patsi
g2052,Patsi (Normal)
g2053,Patsi (Glitter)
g2054,Patsi (Holo)
g2055,Patsi (Gold)
g2056,S1ren
g2057,S1ren (Normal)
g2058,S1ren (Glitter)
g2059,S1ren (Holo)
g2060,S1ren (Gold)
g2061,Jame (Glitter)
g2062,qikert (Glitter)
g2063,qikert (Holo)
g2064,buster (Glitter)
g2065,YEKINDAR (Glitter)
g2066,FL1T (Glitter)
g2067,FaNg
g2068,FaNg (Normal)
g2069,FaNg (Glitter)
g2070,FaNg (Holo)
g2071,FaNg (Gold)
g2072,floppy
g2073,floppy (Normal)
g2074,floppy (Glitter)
g2075,floppy (Holo)
g2076,floppy (Gold)
g2077,Grim
g2078,Grim (Normal)
g2079,Grim (Glitter)
g2080,Grim (Holo)
g2081,Grim (Gold)
g2082,JT
g2083,JT (Normal)
g2084,JT (Glitter)
g2085,JT (Holo)
g2086,JT (Gold)
g2087,junior
g2088,junior (Normal)
g2089,junior (Glitter)
g2090,junior (Holo)
g2091,junior (Gold)
g2092,bLitz
g2093,bLitz (Normal)
g2094,bLitz (Glitter)
g2095,bLitz (Holo)
g2096,bLitz (Gold)
g2097,kabal
g2098,kabal (Normal)
g2099,kabal (Glitter)
g2100,kabal (Holo)
g2101,kabal (Gold)
g2102,nin9
g2103,nin9 (Normal)
g2104,nin9 (Glitter)
g2105,nin9 (Holo)
g2106,nin9 (Gold)
g2107,sk0R
g2108,sk0R (Normal)
g2109,sk0R (Glitter)
g2110,sk0R (Holo)
g2111,sk0R (Gold)
g2112,Techno4K
g2113,Techno4K (Normal)
g2114,Techno4K (Glitter)
g2115,Techno4K (Holo)
g2116,Techno4K (Gold)
g2117,ins
g2118,ins (Normal)
g2119,ins (Glitter)
g2120,ins (Holo)
g2121,ins (Gold)
g2122,sico
g2123,sico (Normal)
g2124,sico (Glitter)
g2125,sico (Holo)
g2126,sico (Gold)
g2127,Liazz (Glitter)
g2128,Liazz (Holo)
g2129,hatz
g2130,hatz (Normal)
g2131,hatz (Glitter)
g2132,hatz (Holo)
g2133,hatz (Gold)
g2134,aliStair
g2135,aliStair (Normal)
g2136,aliStair (Glitter)
g2137,aliStair (Holo)
g2138,aliStair (Gold)
g2139,shox (Glitter)
g2140,EliGE (Glitter)
g2141,EliGE (Holo)
g2142,oSee
g2143,oSee (Normal)
g2144,oSee (Glitter)
g2145,oSee (Holo)
g2146,oSee (Gold)
g2147,nitr0 (Glitter)
g2148,nitr0 (Holo)
g2149,NAF (Glitter)
g2150,NAF (Holo)
g2151,rox
g2152,rox (Normal)
g2153,rox (Glitter)
g2154,rox (Holo)
g2155,rox (Gold)
g2156,luken
g2157,luken (Normal)
g2158,luken (Glitter)
g2159,luken (Holo)
g2160,luken (Gold)
g2161,max
g2162,max (Normal)
g2163,max (Glitter)
g2164,max (Holo)
g2165,max (Gold)
g2166,dgt
g2167,dgt (Normal)
g2168,dgt (Glitter)
g2169,dgt (Holo)
g2170,dgt (Gold)
g2171,dav1d
g2172,dav1d (Normal)
g2173,dav1d (Glitter)
g2174,dav1d (Holo)
g2175,dav1d (Gold)
g2176,FL1T (Champion) (Normal)
g2177,"FL1T (Glitter, Champion) (Normal)"
g2178,"FL1T (Holo, Champion) (Normal)"
g2179,n0rb3r7 (Champion) (Normal)
g2180,"n0rb3r7 (Glitter, Champion) (Normal)"
g2181,"n0rb3r7 (Holo, Champion) (Normal)"
g2182,Jame (Champion) (Normal)
g2183,"Jame (Glitter, Champion) (Normal)"
g2184,"Jame (Holo, Champion) (Normal)"
g2185,qikert (Champion) (Normal)
g2186,"qikert (Glitter, Champion) (Normal)"
g2187,"qikert (Holo, Champion) (Normal)"
g2188,fame
g2189,fame (Champion) (Normal)
g2190,"fame (Glitter, Champion) (Normal)"
g2191,"fame (Holo, Champion) (Normal)"
g2192,fame (Gold)
g2193,Dycha
g2194,Dycha (Normal)
g2195,Dycha (Glitter)
g2196,Dycha (Holo)
g2197,Dycha (Gold)
g2198,v4lde (Glitter)
g2199,v4lde (Holo)
g2200,SunPayus
g2201,SunPayus (Normal)
g2202,SunPayus (Glitter)
g2203,SunPayus (Holo)
g2204,SunPayus (Gold)
g2205,sdy (Glitter)
g2206,sdy (Holo)
g2207,slaxz-
g2208,slaxz- (Normal)
g2209,slaxz- (Glitter)
g2210,slaxz- (Holo)
g2211,slaxz- (Gold)
g2212,lauNX
g2213,lauNX (Normal)
g2214,lauNX (Glitter)
g2215,lauNX (Holo)
g2216,lauNX (Gold)
g2217,Staehr
g2218,Staehr (Normal)
g2219,Staehr (Glitter)
g2220,Staehr (Holo)
g2221,Staehr (Gold)
g2222,w0nderful
g2223,w0nderful (Normal)
g2224,w0nderful (Glitter)
g2225,w0nderful (Holo)
g2226,w0nderful (Gold)
g2227,NQZ
g2228,NQZ (Normal)
g2229,NQZ (Glitter)
g2230,NQZ (Holo)
g2231,NQZ (Gold)
g2232,dav1deuS
g2233,dav1deuS (Normal)
g2234,dav1deuS (Glitter)
g2235,dav1deuS (Holo)
g2236,dav1deuS (Gold)
g2237,BUDA
g2238,BUDA (Normal)
g2239,BUDA (Glitter)
g2240,BUDA (Holo)
g2241,BUDA (Gold)
g2242,k1to
g2243,k1to (Normal)
g2244,k1to (Glitter)
g2245,k1to (Holo)
g2246,k1to (Gold)
g2247,autimatic (Glitter)
g2248,autimatic (Holo)
g2249,neaLaN (Glitter)
g2250,neaLaN (Holo)
g2251,Brehze (Glitter)
g2252,Brehze (Holo)
g2253,HexT
g2254,HexT (Normal)
g2255,HexT (Glitter)
g2256,HexT (Holo)
g2257,HexT (Gold)
g2258,CeRq (Glitter)
g2259,CeRq (Holo)
g2260,frozen (Glitter)
g2261,frozen (Holo)
g2262,dexter (Glitter)
g2263,dexter (Holo)
g2264,JDC
g2265,JDC (Normal)
g2266,JDC (Glitter)
g2267,JDC (Holo)
g2268,JDC (Gold)
g2269,torzsi
g2270,torzsi (Normal)
g2271,torzsi (Glitter)
g2272,torzsi (Holo)
g2273,torzsi (Gold)
g2274,xertioN
g2275,xertioN (Normal)
g2276,xertioN (Glitter)
g2277,xertioN (Holo)
g2278,xertioN (Gold)
g2279,nexa (Glitter)
g2280,NEOFRAG
g2281,NEOFRAG (Normal)
g2282,NEOFRAG (Glitter)
g2283,NEOFRAG (Holo)
g2284,NEOFRAG (Gold)
g2285,FlameZ
g2286,FlameZ (Normal)
g2287,FlameZ (Glitter)
g2288,FlameZ (Holo)
g2289,FlameZ (Gold)
g2290,F1KU
g2291,F1KU (Normal)
g2292,F1KU (Glitter)
g2293,F1KU (Holo)
g2294,F1KU (Gold)
g2295,TACO (Glitter)
g2296,TACO (Holo)
g2297,coldzera (Glitter)
g2298,coldzera (Holo)
g2299,TRY
g2300,TRY (Normal)
g2301,TRY (Glitter)
g2302,TRY (Holo)
g2303,TRY (Gold)
g2304,latto
g2305,latto (Normal)
g2306,latto (Glitter)
g2307,latto (Holo)
g2308,latto (Gold)
g2309,dumau
g2310,dumau (Normal)
g2311,dumau (Glitter)
g2312,dumau (Holo)
g2313,dumau (Gold)
g2314,KRIMZ (Glitter)
g2315,KRIMZ (Holo)
g2316,mezii
g2317,mezii (Normal)
g2318,mezii (Glitter)
g2319,mezii (Holo)
g2320,mezii (Gold)
g2321,FASHR
g2322,FASHR (Normal)
g2323,FASHR (Glitter)
g2324,FASHR (Holo)
g2325,FASHR (Gold)
g2326,acoR
g2327,acoR (Normal)
g2328,acoR (Glitter)
g2329,acoR (Holo)
g2330,acoR (Gold)
g2331,iM
g2332,iM (Normal)
g2333,iM (Glitter)
g2334,iM (Holo)
g2335,iM (Gold)
g2336,siuhy
g2337,siuhy (Normal)
g2338,siuhy (Glitter)
g2339,siuhy (Holo)
g2340,siuhy (Gold)
g2341,Keoz (Glitter)
g2342,Keoz (Holo)
g2343,isak
g2344,isak (Normal)
g2345,isak (Glitter)
g2346,isak (Holo)
g2347,isak (Gold)
g2348,INS
g2349,INS (Normal)
g2350,INS (Glitter)
g2351,INS (Holo)
g2352,INS (Gold)
g2353,vexite
g2354,vexite (Normal)
g2355,vexite (Glitter)
g2356,vexite (Holo)
g2357,vexite (Gold)
g2358,Sico (Glitter)
g2359,Sico (Holo)
g2360,ANNIHILATION
g2361,ANNIHILATION (Normal)
g2362,ANNIHILATION (Glitter)
g2363,ANNIHILATION (Holo)
g2364,ANNIHILATION (Gold)
g2365,n0rb3r7 (Glitter)
g2366,n0rb3r7 (Holo)
g2367,fame (Normal)
g2368,fame (Glitter)
g2369,fame (Holo)
g2370,apEX (Champion) (Normal)
g2371,"apEX (Glitter, Champion) (Normal)"
g2372,"apEX (Holo, Champion) (Normal)"
g2373,dupreeh (Champion) (Normal)
g2374,"dupreeh (Glitter, Champion) (Normal)"
g2375,"dupreeh (Holo, Champion) (Normal)"
g2376,Magisk (Champion) (Normal)
g2377,"Magisk (Glitter, Champion) (Normal)"
g2378,"Magisk (Holo, Champion) (Normal)"
g2379,Spinx (Champion) (Normal)
g2380,"Spinx (Glitter, Champion) (Normal)"
g2381,"Spinx (Holo, Champion) (Normal)"
g2382,ZywOo (Champion) (Normal)
g2383,"ZywOo (Glitter, Champion) (Normal)"
g2384,"ZywOo (Holo, Champion) (Normal)"
g2385,npl
g2386,npl (Normal)
g2387,npl (Glitter)
g2388,npl (Holo)
g2389,npl (Gold)
g2390,CRUC1AL
g2391,CRUC1AL (Normal)
g2392,CRUC1AL (Glitter)
g2393,CRUC1AL (Holo)
g2394,CRUC1AL (Gold)
g2395,Cypher
g2396,Cypher (Normal)
g2397,Cypher (Glitter)
g2398,Cypher (Holo)
g2399,Cypher (Gold)
g2400,rallen (Glitter)
g2401,rallen (Holo)
g2402,Thomas
g2403,Thomas (Normal)
g2404,Thomas (Glitter)
g2405,Thomas (Holo)
g2406,Thomas (Gold)
g2407,volt
g2408,volt (Normal)
g2409,volt (Glitter)
g2410,volt (Holo)
g2411,volt (Gold)
g2412,Goofy
g2413,Goofy (Normal)
g2414,Goofy (Glitter)
g2415,Goofy (Holo)
g2416,Goofy (Gold)
g2417,KEi
g2418,KEi (Normal)
g2419,KEi (Glitter)
g2420,KEi (Holo)
g2421,KEi (Gold)
g2422,Kylar
g2423,Kylar (Normal)
g2424,Kylar (Glitter)
g2425,Kylar (Holo)
g2426,Kylar (Gold)
g2427,mynio
g2428,mynio (Normal)
g2429,mynio (Glitter)
g2430,mynio (Holo)
g2431,mynio (Gold)
g2432,headtr1ck
g2433,headtr1ck (Normal)
g2434,headtr1ck (Glitter)
g2435,headtr1ck (Holo)
g2436,headtr1ck (Gold)
g2437,huNter- (Glitter)
g2438,jks (Glitter)
g2439,jks (Holo)
g2440,Krad (Glitter)
g2441,Krad (Holo)
g2442,r3salt
g2443,r3salt (Normal)
g2444,r3salt (Glitter)
g2445,r3salt (Holo)
g2446,r3salt (Gold)
g2447,niko (Glitter) 
g2448,niko (Holo) 
g2449,biguzera
g2450,biguzera (Normal)
g2451,biguzera (Glitter)
g2452,biguzera (Holo)
g2453,biguzera (Gold)
g2454,hardzao
g2455,hardzao (Normal)
g2456,hardzao (Glitter)
g2457,hardzao (Holo)
g2458,hardzao (Gold)
g2459,NEKiZ
g2460,NEKiZ (Normal)
g2461,NEKiZ (Glitter)
g2462,NEKiZ (Holo)
g2463,NEKiZ (Gold)
g2464,skullz
g2465,skullz (Normal)
g2466,skullz (Glitter)
g2467,skullz (Holo)
g2468,skullz (Gold)
g2469,zevy
g2470,zevy (Normal)
g2471,zevy (Glitter)
g2472,zevy (Holo)
g2473,zevy (Gold)
g2474,jkaem (Glitter)
g2475,jkaem (Holo)
g2476,jL
g2477,jL (Normal)
g2478,jL (Glitter)
g2479,jL (Holo)
g2480,jL (Gold)
g2481,kyxsan
g2482,kyxsan (Normal)
g2483,kyxsan (Glitter)
g2484,kyxsan (Holo)
g2485,kyxsan (Gold)
g2486,nawwk
g2487,nawwk (Normal)
g2488,nawwk (Glitter)
g2489,nawwk (Holo)
g2490,nawwk (Gold)
g2491,STYKO (Glitter)
g2492,STYKO (Holo)
g2493,BOROS
g2494,BOROS (Normal)
g2495,BOROS (Glitter)
g2496,BOROS (Holo)
g2497,BOROS (Gold)
g2498,DemQQ
g2499,DemQQ (Normal)
g2500,DemQQ (Glitter)
g2501,DemQQ (Holo)
g2502,DemQQ (Gold)
g2503,kRaSnaL
g2504,kRaSnaL (Normal)
g2505,kRaSnaL (Glitter)
g2506,kRaSnaL (Holo)
g2507,kRaSnaL (Gold)
g2508,Woro2k
g2509,Woro2k (Normal)
g2510,Woro2k (Glitter)
g2511,Woro2k (Holo)
g2512,Woro2k (Gold)
g2513,NertZ
g2514,NertZ (Normal)
g2515,NertZ (Glitter)
g2516,NertZ (Holo)
g2517,NertZ (Gold)
g2518,hallzerk
g2519,hallzerk (Normal)
g2520,hallzerk (Glitter)
g2521,hallzerk (Holo)
g2522,hallzerk (Gold)
g2523,felps (Glitter)
g2524,felps (Holo)
g2525,History
g2526,History (Normal)
g2527,History (Glitter)
g2528,History (Holo)
g2529,History (Gold)
g2530,Lucaozy
g2531,Lucaozy (Normal)
g2532,Lucaozy (Glitter)
g2533,Lucaozy (Holo)
g2534,Lucaozy (Gold)
g2535,v$m
g2536,v$m (Normal)
g2537,v$m (Glitter)
g2538,v$m (Holo)
g2539,v$m (Gold)
g2540,Bart4k
g2541,Bart4k (Normal)
g2542,Bart4k (Glitter)
g2543,Bart4k (Holo)
g2544,Bart4k (Gold)
g2545,jL (Champion) (Normal)
g2546,"jL (Glitter, Champion) (Normal)"
g2547,"jL (Holo, Champion) (Normal)"
g2548,Aleksib (Champion) (Normal)
g2549,"Aleksib (Glitter, Champion) (Normal)"
g2550,"Aleksib (Holo, Champion) (Normal)"
g2551,b1t (Champion) (Normal)
g2552,"b1t (Glitter, Champion) (Normal)"
g2553,"b1t (Holo, Champion) (Normal)"
g2554,iM (Champion) (Normal)
g2555,"iM (Glitter, Champion) (Normal)"
g2556,"iM (Holo, Champion) (Normal)"
g2557,w0nderful (Champion) (Normal)
g2558,"w0nderful (Glitter, Champion) (Normal)"
g2559,"w0nderful (Holo, Champion) (Normal)"
g2560,mir (Glitter)
g2561,mir (Holo)
g2562,donk
g2563,donk (Normal)
g2564,donk (Glitter)
g2565,donk (Holo)
g2566,donk (Gold)
g2567,zont1x
g2568,zont1x (Normal)
g2569,zont1x (Glitter)
g2570,zont1x (Holo)
g2571,zont1x (Gold)
g2572,Jimpphat
g2573,Jimpphat (Normal)
g2574,Jimpphat (Glitter)
g2575,Jimpphat (Holo)
g2576,Jimpphat (Gold)
g2577,MAJ3R (Glitter)
g2578,MAJ3R (Holo)
g2579,Wicadia
g2580,Wicadia (Normal)
g2581,Wicadia (Glitter)
g2582,Wicadia (Holo)
g2583,Wicadia (Gold)
g2584,CacaNito
g2585,CacaNito (Normal)
g2586,CacaNito (Glitter)
g2587,CacaNito (Holo)
g2588,CacaNito (Gold)
g2589,sense
g2590,sense (Normal)
g2591,sense (Glitter)
g2592,sense (Holo)
g2593,sense (Gold)
g2594,Snax (Glitter)
g2595,Snax (Holo)
g2596,arrozdoce
g2597,arrozdoce (Normal)
g2598,arrozdoce (Glitter)
g2599,arrozdoce (Holo)
g2600,arrozdoce (Gold)
g2601,ewjerkz
g2602,ewjerkz (Normal)
g2603,ewjerkz (Glitter)
g2604,ewjerkz (Holo)
g2605,ewjerkz (Gold)
g2606,MUTiRiS
g2607,MUTiRiS (Normal)
g2608,MUTiRiS (Glitter)
g2609,MUTiRiS (Holo)
g2610,MUTiRiS (Gold)
g2611,roman
g2612,roman (Normal)
g2613,roman (Glitter)
g2614,roman (Holo)
g2615,roman (Gold)
g2616,story
g2617,story (Normal)
g2618,story (Glitter)
g2619,story (Holo)
g2620,story (Gold)
g2621,kauez
g2622,kauez (Normal)
g2623,kauez (Glitter)
g2624,kauez (Holo)
g2625,kauez (Gold)
g2626,lux
g2627,lux (Normal)
g2628,lux (Glitter)
g2629,lux (Holo)
g2630,lux (Gold)
g2631,n1ssim
g2632,n1ssim (Normal)
g2633,n1ssim (Glitter)
g2634,n1ssim (Holo)
g2635,n1ssim (Gold)
g2636,decenty
g2637,decenty (Normal)
g2638,decenty (Glitter)
g2639,decenty (Holo)
g2640,decenty (Gold)
g2641,HEN1 (Glitter)
g2642,HEN1 (Holo)
g2643,noway
g2644,noway (Normal)
g2645,noway (Glitter)
g2646,noway (Holo)
g2647,noway (Gold)
g2648,910 (Normal)
g2649,910 (Glitter)
g2650,910 (Holo)
g2651,910 (Gold)
g2652,mzinho
g2653,mzinho (Normal)
g2654,mzinho (Glitter)
g2655,mzinho (Holo)
g2656,mzinho (Gold)
g2657,Senzu
g2658,Senzu (Normal)
g2659,Senzu (Glitter)
g2660,Senzu (Holo)
g2661,Senzu (Gold)
g2662,Forester (Glitter)
g2663,Forester (Holo)
g2664,ICY
g2665,ICY (Normal)
g2666,ICY (Glitter)
g2667,ICY (Holo)
g2668,ICY (Gold)
g2669,NickelBack
g2670,NickelBack (Normal)
g2671,NickelBack (Glitter)
g2672,NickelBack (Holo)
g2673,NickelBack (Gold)
g2674,TRAVIS
g2675,TRAVIS (Normal)
g2676,TRAVIS (Glitter)
g2677,TRAVIS (Holo)
g2678,TRAVIS (Gold)
g2679,kraghen
g2680,kraghen (Normal)
g2681,kraghen (Glitter)
g2682,kraghen (Holo)
g2683,kraghen (Gold)
g2684,Nodios
g2685,Nodios (Normal)
g2686,Nodios (Glitter)
g2687,Nodios (Holo)
g2688,Nodios (Gold)
g2689,Patti
g2690,Patti (Normal)
g2691,Patti (Glitter)
g2692,Patti (Holo)
g2693,Patti (Gold)
g2694,Queenix
g2695,Queenix (Normal)
g2696,Queenix (Glitter)
g2697,Queenix (Holo)
g2698,Queenix (Gold)
g2699,salazar
g2700,salazar (Normal)
g2701,salazar (Glitter)
g2702,salazar (Holo)
g2703,salazar (Gold)
g2704,adamS
g2705,adamS (Normal)
g2706,adamS (Glitter)
g2707,adamS (Holo)
g2708,adamS (Gold)
g2709,dav1g
g2710,dav1g (Normal)
g2711,dav1g (Glitter)
g2712,dav1g (Holo)
g2713,dav1g (Gold)
g2714,JUST
g2715,JUST (Normal)
g2716,JUST (Glitter)
g2717,JUST (Holo)
g2718,JUST (Gold)
g2719,mopoz
g2720,mopoz (Normal)
g2721,mopoz (Glitter)
g2722,mopoz (Holo)
g2723,mopoz (Gold)
g2724,stadodo
g2725,stadodo (Normal)
g2726,stadodo (Glitter)
g2727,stadodo (Holo)
g2728,stadodo (Gold)
g2729,b4rtiN
g2730,b4rtiN (Normal)
g2731,b4rtiN (Glitter)
g2732,b4rtiN (Holo)
g2733,b4rtiN (Gold)
g2734,EmiliaQAQ
g2735,EmiliaQAQ (Normal)
g2736,EmiliaQAQ (Glitter)
g2737,EmiliaQAQ (Holo)
g2738,EmiliaQAQ (Gold)
g2739,Jee
g2740,Jee (Normal)
g2741,Jee (Glitter)
g2742,Jee (Holo)
g2743,Jee (Gold)
g2744,Starry
g2745,Starry (Normal)
g2746,Starry (Glitter)
g2747,Starry (Holo)
g2748,Starry (Gold)
g2749,westmelon
g2750,westmelon (Normal)
g2751,westmelon (Glitter)
g2752,westmelon (Holo)
g2753,westmelon (Gold)
g2754,z4KR
g2755,z4KR (Normal)
g2756,z4KR (Glitter)
g2757,z4KR (Holo)
g2758,z4KR (Gold)
g2759,chopper (Champion) (Normal)
g2760,"chopper (Glitter, Champion) (Normal)"
g2761,"chopper (Holo, Champion) (Normal)"
g2762,magixx (Champion) (Normal)
g2763,"magixx (Glitter, Champion) (Normal)"
g2764,"magixx (Holo, Champion) (Normal)"
g2765,donk (Champion) (Normal)
g2766,"donk (Glitter, Champion) (Normal)"
g2767,"donk (Holo, Champion) (Normal)"
g2768,sh1ro (Champion) (Normal)
g2769,"sh1ro (Glitter, Champion) (Normal)"
g2770,"sh1ro (Holo, Champion) (Normal)"
g2771,zont1x (Champion) (Normal)
g2772,"zont1x (Glitter, Champion) (Normal)"
g2773,"zont1x (Holo, Champion) (Normal)"
g2774,malbsMd
g2775,malbsMd (Normal)
g2776,malbsMd (Glitter)
g2777,malbsMd (Holo)
g2778,malbsMd (Gold)
g2779,Ex3rcice
g2780,Ex3rcice (Normal)
g2781,Ex3rcice (Glitter)
g2782,Ex3rcice (Holo)
g2783,Ex3rcice (Gold)
g2784,Djoko
g2785,Djoko (Normal)
g2786,Djoko (Glitter)
g2787,Djoko (Holo)
g2788,Djoko (Gold)
g2789,Maka
g2790,Maka (Normal)
g2791,Maka (Glitter)
g2792,Maka (Holo)
g2793,Maka (Gold)
g2794,Lucky (Glitter)
g2795,Lucky (Holo)
g2796,Graviti
g2797,Graviti (Normal)
g2798,Graviti (Glitter)
g2799,Graviti (Holo)
g2800,Graviti (Gold)
g2801,ultimate
g2802,ultimate (Normal)
g2803,ultimate (Glitter)
g2804,ultimate (Holo)
g2805,ultimate (Gold)
g2806,bodyy (Glitter)
g2807,bodyy (Holo)
g2808,MATYS
g2809,MATYS (Normal)
g2810,MATYS (Glitter)
g2811,MATYS (Holo)
g2812,MATYS (Gold)
g2813,afro
g2814,afro (Normal)
g2815,afro (Glitter)
g2816,afro (Holo)
g2817,afro (Gold)
g2818,snow
g2819,snow (Normal)
g2820,snow (Glitter)
g2821,snow (Holo)
g2822,snow (Gold)
g2823,ztr
g2824,ztr (Normal)
g2825,ztr (Glitter)
g2826,ztr (Holo)
g2827,ztr (Gold)
g2828,sl3nd
g2829,sl3nd (Normal)
g2830,sl3nd (Glitter)
g2831,sl3nd (Holo)
g2832,sl3nd (Gold)
g2833,FL4MUS
g2834,FL4MUS (Normal)
g2835,FL4MUS (Glitter)
g2836,FL4MUS (Holo)
g2837,FL4MUS (Gold)
g2838,aNdu
g2839,aNdu (Normal)
g2840,aNdu (Glitter)
g2841,aNdu (Holo)
g2842,aNdu (Gold)
g2843,insani
g2844,insani (Normal)
g2845,insani (Glitter)
g2846,insani (Holo)
g2847,insani (Gold)
g2848,brnz4n
g2849,brnz4n (Normal)
g2850,brnz4n (Glitter)
g2851,brnz4n (Holo)
g2852,brnz4n (Gold)
g2853,Heavygod
g2854,Heavygod (Normal)
g2855,Heavygod (Glitter)
g2856,Heavygod (Holo)
g2857,Heavygod (Gold)
g2858,fEAR
g2859,fEAR (Normal)
g2860,fEAR (Glitter)
g2861,fEAR (Holo)
g2862,fEAR (Gold)
g2863,jambo
g2864,jambo (Normal)
g2865,jambo (Glitter)
g2866,jambo (Holo)
g2867,jambo (Gold)
g2868,jackasmo
g2869,jackasmo (Normal)
g2870,jackasmo (Glitter)
g2871,jackasmo (Holo)
g2872,jackasmo (Gold)
g2873,s-chilla
g2874,s-chilla (Normal)
g2875,s-chilla (Glitter)
g2876,s-chilla (Holo)
g2877,s-chilla (Gold)
g2878,zeRRoFIX
g2879,zeRRoFIX (Normal)
g2880,zeRRoFIX (Glitter)
g2881,zeRRoFIX (Holo)
g2882,zeRRoFIX (Gold)
g2883,stanislaw (Glitter)
g2884,stanislaw (Holo)
g2885,Sonic
g2886,Sonic (Normal)
g2887,Sonic (Glitter)
g2888,Sonic (Holo)
g2889,Sonic (Gold)
g2890,JBa
g2891,JBa (Normal)
g2892,JBa (Glitter)
g2893,JBa (Holo)
g2894,JBa (Gold)
g2895,phzy
g2896,phzy (Normal)
g2897,phzy (Glitter)
g2898,phzy (Holo)
g2899,phzy (Gold)
g2900,susp
g2901,susp (Normal)
g2902,susp (Glitter)
g2903,susp (Holo)
g2904,susp (Gold)
g2905,Summer (Glitter)
g2906,Summer (Holo)
g2907,ChildKing
g2908,ChildKing (Normal)
g2909,ChildKing (Glitter)
g2910,ChildKing (Holo)
g2911,ChildKing (Gold)
g2912,somebody (Glitter)
g2913,somebody (Holo)
g2914,L1haNg
g2915,L1haNg (Normal)
g2916,L1haNg (Glitter)
g2917,L1haNg (Holo)
g2918,L1haNg (Gold)
g2919,Kaze (Glitter)
g2920,Kaze (Holo)
g2921,Katowice 2014
g2922,Cologne 2014
g2923,DreamHack 2014
g2924,Katowice 2015
g2925,Cologne 2015
g2926,Cluj-Napoca 2015
g2927,MLG Columbus 2016
g2928,Cologne 2016
g2929,Atlanta 2017
g2930,Krakow 2017
g2931,Boston 2018
g2932,London 2018
g2933,Katowice 2019
g2934,Berlin 2019
g2935,2020 RMR
g2936,Stockholm 2021
g2937,Antwerp 2022
g2938,Rio 2022
g2939,Paris 2023
g2940,Copenhagen 2024
g2941,Shanghai 2024
g5831,Katowice 2014 (Normal)
g5832,Katowice 2014 (Holo)
g5834,Cologne 2014 (Normal)
g5835,Cologne 2014 (Holo)
g5837,DreamHack 2014 (Normal)
g5838,DreamHack 2014 (Holo)
g5839,DreamHack 2014 (Foil)
g5841,Katowice 2015 (Normal)
g5842,Katowice 2015 (Foil)
g5843,Katowice 2015 (Holo)
g5845,Cologne 2015 (Normal)
g5846,Cologne 2015 (Foil)
g5848,Cluj-Napoca 2015 (Normal)
g5849,Cluj-Napoca 2015 (Foil)
g5851,MLG Columbus 2016 (Normal)
g5852,MLG Columbus 2016 (Holo)
g5853,MLG Columbus 2016 (Foil)
g5855,Cologne 2016 (Normal)
g5856,Cologne 2016 (Holo)
g5857,Cologne 2016 (Foil)
g5859,Atlanta 2017 (Normal)
g5860,Atlanta 2017 (Holo)
g5861,Atlanta 2017 (Foil)
g5863,Krakow 2017 (Normal)
g5864,Krakow 2017 (Holo)
g5865,Krakow 2017 (Foil)
g5866,Krakow 2017 (Gold)
g5868,Boston 2018 (Normal)
g5869,Boston 2018 (Holo)
g5870,Boston 2018 (Foil)
g5871,Boston 2018 (Gold)
g5873,London 2018 (Normal)
g5874,London 2018 (Holo)
g5875,London 2018 (Foil)
g5876,London 2018 (Gold)
g5878,Katowice 2019 (Normal)
g5879,Katowice 2019 (Holo)
g5880,Katowice 2019 (Foil)
g5881,Katowice 2019 (Gold)
g5883,Berlin 2019 (Normal)
g5884,Berlin 2019 (Holo)
g5885,Berlin 2019 (Foil)
g5886,Berlin 2019 (Gold)
g5888,2020 RMR (Normal)
g5889,2020 RMR (Holo)
g5890,2020 RMR (Foil)
g5891,2020 RMR (Gold)
g5893,Stockholm 2021 (Normal)
g5894,Stockholm 2021 (Holo)
g5895,Stockholm 2021 (Foil)
g5896,Stockholm 2021 (Gold)
g5898,Antwerp 2022 (Normal)
g5899,Antwerp 2022 (Glitter)
g5900,Antwerp 2022 (Holo)
g5901,Antwerp 2022 (Gold)
g5903,Rio 2022 (Normal)
g5904,Rio 2022 (Glitter)
g5905,Rio 2022 (Holo)
g5906,Rio 2022 (Gold)
g5908,Paris 2023 (Normal)
g5909,Paris 2023 (Glitter)
g5910,Paris 2023 (Holo)
g5911,Paris 2023 (Gold)
g5913,Copenhagen 2024 (Normal)
g5914,Copenhagen 2024 (Glitter)
g5915,Copenhagen 2024 (Holo)
g5916,Copenhagen 2024 (Gold)
g5918,Shanghai 2024 (Normal)
g5919,Shanghai 2024 (Glitter)
g5920,Shanghai 2024 (Holo)
g5921,Shanghai 2024 (Gold)
